queue,workload,threads,rep,ops_total,seconds,throughput_ops_s,pinned,enq_p50_ns,enq_p99_ns,enq_p999_ns,deq_p50_ns,deq_p99_ns,deq_p999_ns
ms-hp,pairs,1,0,200000,0.007218,27709785,0,41,42,125,41,542,708
ms-hp,pairs,1,1,200000,0.007001,28568196,0,41,42,83,41,542,667
ms-hp,pairs,1,2,200000,0.006997,28583340,0,41,42,83,41,542,667
ms-hp,pairs,1,3,200000,0.007075,28267552,0,41,42,83,41,542,708
ms-hp,pairs,1,4,200000,0.007049,28372147,0,41,42,83,41,542,708
ms-hp,pairs,1,5,200000,0.006972,28687029,0,41,42,83,41,542,667
ms-hp,pairs,1,6,200000,0.007006,28548488,0,41,42,83,41,542,667
ms-hp,pairs,1,7,200000,0.006976,28668697,0,41,42,83,41,542,667
ms-hp,pairs,1,8,200000,0.007010,28529482,0,41,42,83,41,542,667
ms-hp,pairs,1,9,200000,0.007225,27681500,0,41,42,84,41,542,708
ms-hp,pairs,8,0,1600000,0.151047,10592756,0,334,13917,57792,125,2208,7083
ms-hp,pairs,8,1,1600000,0.149195,10724238,0,334,14334,63667,166,2208,7041
ms-hp,pairs,8,2,1600000,0.151918,10531972,0,375,14708,59416,125,2250,6917
ms-hp,pairs,8,3,1600000,0.146541,10918452,0,333,13250,57791,125,2208,7167
ms-hp,pairs,8,4,1600000,0.144909,11041384,0,333,14250,58459,166,2209,7250
ms-hp,pairs,8,5,1600000,0.144796,11050023,0,333,12833,56958,125,2167,6875
ms-hp,pairs,8,6,1600000,0.149217,10722663,0,334,14750,57916,166,2250,7250
ms-hp,pairs,8,7,1600000,0.147211,10868735,0,334,13083,58666,166,2167,6958
ms-hp,pairs,8,8,1600000,0.154105,10382543,0,375,15333,63667,125,2250,7125
ms-hp,pairs,8,9,1600000,0.146825,10897324,0,333,13750,58958,125,2208,7166
ms-hp,pairs,16,0,3200000,0.328219,9749588,0,417,14583,68833,125,2375,8250
ms-hp,pairs,16,1,3200000,0.323982,9877088,0,416,15541,63666,125,2375,8375
ms-hp,pairs,16,2,3200000,0.322530,9921562,0,375,15375,66500,125,2375,8416
ms-hp,pairs,16,3,3200000,0.323850,9881115,0,417,15708,64375,125,2333,8416
ms-hp,pairs,16,4,3200000,0.331510,9652789,0,417,16125,60917,125,2375,8583
ms-hp,pairs,16,5,3200000,0.330330,9687286,0,417,15125,62708,125,2416,8500
ms-hp,pairs,16,6,3200000,0.323129,9903168,0,416,15583,62042,166,2417,8500
ms-hp,pairs,16,7,3200000,0.326180,9810545,0,417,15333,60125,125,2375,8667
ms-hp,pairs,16,8,3200000,0.324226,9869650,0,417,15833,64292,125,2334,8292
ms-hp,pairs,16,9,3200000,0.324085,9873941,0,417,15875,67625,125,2333,8250
