queue,workload,threads,rep,ops_total,seconds,throughput_ops_s,pinned,enq_p50_ns,enq_p99_ns,enq_p999_ns,deq_p50_ns,deq_p99_ns,deq_p999_ns
ms-hp,pairs,1,0,200000,0.007083,28235626,0,41,42,84,41,542,667
ms-hp,pairs,1,1,200000,0.007025,28471100,0,41,42,83,41,542,667
ms-hp,pairs,1,2,200000,0.007204,27762516,0,41,42,84,41,542,708
ms-hp,pairs,1,3,200000,0.007008,28537453,0,41,42,83,41,542,667
ms-hp,pairs,1,4,200000,0.007004,28553921,0,41,42,83,41,542,667
ms-hp,pairs,1,5,200000,0.006982,28645087,0,41,42,83,41,542,667
ms-hp,pairs,1,6,200000,0.007303,27384288,0,41,42,83,41,542,750
ms-hp,pairs,1,7,200000,0.007056,28344000,0,41,42,83,41,542,667
ms-hp,pairs,1,8,200000,0.007063,28317413,0,41,42,83,41,542,667
ms-hp,pairs,1,9,200000,0.007027,28461984,0,41,42,83,41,542,667
ms-hp,pairs,8,0,1600000,0.151128,10587078,0,292,9375,40583,209,2667,8125
ms-hp,pairs,8,1,1600000,0.157264,10173980,0,334,9375,45875,208,2750,8875
ms-hp,pairs,8,2,1600000,0.161628,9899306,0,375,9042,39833,250,2875,9000
ms-hp,pairs,8,3,1600000,0.154293,10369886,0,333,8791,40875,208,2583,8542
ms-hp,pairs,8,4,1600000,0.154185,10377147,0,333,8334,39458,208,2666,9250
ms-hp,pairs,8,5,1600000,0.154365,10365019,0,333,10042,44000,208,2542,8084
ms-hp,pairs,8,6,1600000,0.166582,9604860,0,417,9875,44708,209,2708,8334
ms-hp,pairs,8,7,1600000,0.158763,10077888,0,375,9583,40833,250,2792,8708
ms-hp,pairs,8,8,1600000,0.143024,11186917,0,250,6958,40000,167,2375,7084
ms-hp,pairs,8,9,1600000,0.150800,10610050,0,292,9458,39750,209,2708,8416
ms-hp,pairs,16,0,3200000,0.324099,9873512,0,417,15042,64834,125,2459,8541
ms-hp,pairs,16,1,3200000,0.324674,9856041,0,417,15542,63458,166,2459,8625
ms-hp,pairs,16,2,3200000,0.315387,10146254,0,416,14792,64667,125,2375,8459
ms-hp,pairs,16,3,3200000,0.342467,9343967,0,459,13459,58209,208,2792,9083
ms-hp,pairs,16,4,3200000,0.327487,9771373,0,417,14250,62583,167,2541,8875
ms-hp,pairs,16,5,3200000,0.332503,9623977,0,417,13667,64417,167,2583,8917
ms-hp,pairs,16,6,3200000,0.332119,9635112,0,458,15458,66000,166,2417,8541
ms-hp,pairs,16,7,3200000,0.310263,10313836,0,375,12416,67167,125,2417,8750
ms-hp,pairs,16,8,3200000,0.320838,9973877,0,416,13250,64458,125,2583,9083
ms-hp,pairs,16,9,3200000,0.337916,9469813,0,458,14833,65083,167,2542,8667
